{
    "key": "cherrybop",
    "category": "wood",
    "primary": "3.5",
    "secondary": "2",
    "tertiary": "6.5",
    "durability": "70",
    "integrityCost": "1",
    "integrityGain": "5",
    "magicCapacity": "72",
    "toolLevel": "2",
    "toolEfficiency": "4",
    "tints": {
        "glyph": "7a2723",
        "texture": "7a2723"
    },
    "textures": [
        "crude",
        "wooden"
    ],
    "material": {
        "item": "biomesoplenty:cherry_planks"
    },
    "requiredTools": {
        "axe": 2
    }
}
