{
    "key": "firbop",
    "category": "wood",
    "primary": "2",
    "secondary": "1.5",
    "tertiary": "6",
    "durability": "50",
    "integrityCost": "1",
    "integrityGain": "3",
    "magicCapacity": "108",
    "toolLevel": "1",
    "toolEfficiency": "3",
    "tints": {
        "glyph": "988f77",
        "texture": "988f77"
    },
    "textures": [
        "crude",
        "wooden"
    ],
    "material": {
        "item": "biomesoplenty:fir_planks"
    },
    "requiredTools": {
        "axe": 1
    }
}
