{
    "key": "jacarandabop",
    "category": "wood",
    "primary": "2",
    "secondary": "1.5",
    "tertiary": "6",
    "durability": "50",
    "integrityCost": "1",
    "integrityGain": "3",
    "magicCapacity": "108",
    "toolLevel": "1",
    "toolEfficiency": "3",
    "tints": {
        "glyph": "baa39a",
        "texture": "baa39a"
    },
    "textures": [
        "crude",
        "wooden"
    ],
    "material": {
        "item": "biomesoplenty:jacaranda_planks"
    },
    "requiredTools": {
        "axe": 1
    }
}
