{
    "key": "magic",
    "category": "wood",
    "primary": "3",
    "secondary": "1.5",
    "tertiary": "6",
    "durability": "59",
    "integrityCost": "1",
    "integrityGain": "4",
    "magicCapacity": "120",
    "toolLevel": "1",
    "toolEfficiency": "3",
    "tints": {
        "glyph": "4563a3",
        "texture": "4563a3"
    },
    "textures": [
        "crude",
        "wooden"
    ],
    "material": {
        "item": "biomesoplenty:magic_planks"
    },
    "effects": {
        "stabilizing": 15
    },
    "requiredTools": {
        "axe": 2
    }
}
