{
    "key": "mahoganybop",
    "category": "wood",
    "primary": "4",
    "secondary": "2.6",
    "tertiary": "3",
    "durability": "200",
    "integrityCost": "2",
    "integrityGain": "6",
    "magicCapacity": "72",
    "toolLevel": "2",
    "toolEfficiency": "5",
    "tints": {
        "glyph": "bb7c7a",
        "texture": "bb7c7a"
    },
    "textures": [
        "crude",
        "wooden"
    ],
    "material": {
        "item": "biomesoplenty:mahogany_planks"
    },
    "requiredTools": {
        "axe": 2
    }
}
