{
    "key": "palmbop",
    "category": "wood",
    "primary": "2.2",
    "secondary": "1.4",
    "tertiary": "6",
    "durability": "59",
    "integrityCost": "1",
    "integrityGain": "3",
    "magicCapacity": "108",
    "toolLevel": "1",
    "toolEfficiency": "3",
    "tints": {
        "glyph": "ac7b39",
        "texture": "ac7b39"
    },
    "textures": [
        "crude",
        "wooden"
    ],
    "material": {
        "item": "biomesoplenty:palm_planks"
    },
    "requiredTools": {
        "axe": 1
    }
}
