{
    "key": "redwoodbop",
    "category": "wood",
    "primary": "2",
    "secondary": "1.4",
    "tertiary": "6",
    "durability": "50",
    "integrityCost": "1",
    "integrityGain": "4",
    "magicCapacity": "108",
    "toolLevel": "1",
    "toolEfficiency": "3",
    "tints": {
        "glyph": "904b2f",
        "texture": "904b2f"
    },
    "textures": [
        "crude",
        "wooden"
    ],
    "material": {
        "item": "biomesoplenty:redwood_planks"
    },
    "requiredTools": {
        "axe": 1
    }
}
