{
    "key": "willowbop",
    "category": "wood",
    "primary": "2",
    "secondary": "1.2",
    "tertiary": "7",
    "durability": "40",
    "integrityCost": "1",
    "integrityGain": "2",
    "magicCapacity": "108",
    "toolLevel": "1",
    "toolEfficiency": "3",
    "tints": {
        "glyph": "899470",
        "texture": "899470"
    },
    "textures": [
        "crude",
        "wooden"
    ],
    "material": {
        "item": "biomesoplenty:willow_planks"
    },
    "requiredTools": {
        "axe": 1
    }
}
